directory_slug,name,category,region,town,postcode,description,website,is_featured
dog-friendly-uk,The Sloop Inn,pub,Cornwall,St Ives,TR26 1HT,"A centuries-old harbourside inn with low beams and a proper Cornish welcome for dogs and walkers. The terrace looks straight over St Ives harbour, perfect for watching boats while you eat.",https://www.sloop-inn.co.uk/,false
dog-friendly-uk,Godrevy Beach,beach,Cornwall,Hayle,TR27 5ED,"A wide Atlantic beach beneath the National Trust headland where dogs can run and paddle all year round. Climb the cliff path for views across to Godrevy lighthouse, the inspiration for the novel To the Lighthouse.",https://www.nationaltrust.org.uk/visit/cornwall/godrevy,false
dog-friendly-uk,Kynance Cove,beach,Cornwall,Lizard,TR12 7PJ,"A dazzling cove of white sand ringed by red-and-green serpentine rock stacks. The steep path down from the car park is the price of entry, but the space and scenery reward steady paws.",https://www.nationaltrust.org.uk/visit/cornwall/kynance-cove,false
dog-friendly-uk,Porthcurno Beach,beach,Cornwall,Porthcurno,TR19 6JU,"A sheltered golden cove beneath the open-air Minack Theatre, with calm shallows and soft sand. It fills up fast on summer days, so go early or out of season for room to throw a ball.",,false
dog-friendly-uk,South West Coast Path: Portreath to St Ives,trail,Cornwall,Portreath,,"A rollercoaster stretch of clifftop path linking two classic surfing towns, with engine houses, seal-spotting coves and endless sea views. Take water for both of you — it is tougher than it looks.",https://www.southwestcoastpath.org.uk/,false
dog-friendly-uk,The Driftwood Spars,pub,Cornwall,St Agnes,TR5 0RT,"A quirky pub built partly from ships' timbers, tucked in a valley right above Trevaunance Cove. Dogs get a bowl and a biscuit while you try the local ales and the famous fish pie.",https://www.driftwoodspars.co.uk/,false
dog-friendly-uk,Bossiney Beach,beach,Cornwall,Tintagel,,"A hidden cove reached by steep steps, with a blowhole, a cave and usually plenty of space to yourself. One of the quieter North Cornwall beaches, ideal for off-lead exploring at low tide.",,false
dog-friendly-uk,The Ship Inn,pub,Cornwall,Mousehole,TR19 6QX,"A classic harbourside local tucked into Mousehole's narrow lanes, with a tiny bar that is always full of character and dogs. Settle in with a pint of local ale and watch the fishing boats at anchor.",https://www.shipinnmousehole.co.uk/,false
dog-friendly-uk,Saunton Sands,beach,Devon,Braunton,EX33 1LW,"Three miles of flat golden sand backed by the great dune system of Braunton Burrows, with room for dogs to race at full pelt. The surf here is lively, which is exactly what water-loving dogs want.",,false
dog-friendly-uk,Woolacombe Beach,beach,Devon,Woolacombe,EX34 7DQ,"A wide Blue Flag bay with powerful surf and soft sand that swallows up a whole afternoon. Dogs are welcome on the main beach early and late in summer and all day the rest of the year.",,false
dog-friendly-uk,Postbridge & the East Dart,trail,Devon,Postbridge,PL20 6TJ,"An easy riverside loop on Dartmoor from the famous clapper bridge, with moorland ponies and granite tors on the skyline. There are plenty of shallow stretches for a paddle and a picnic.",https://www.dartmoor.gov.uk/,false
dog-friendly-uk,Lydford Gorge,trail,Devon,Lydford,EX20 4BH,"A National Trust gorge walk squeezed between dripping ferns and swirling river, ending at the 30-metre Whitelady Waterfall. The cliff path is narrow in places, so keep dogs on leads and watch your footing.",https://www.nationaltrust.org.uk/visit/devon/lydford-gorge,false
dog-friendly-uk,North Devon Coast Path: Croyde to Baggy Point,trail,Devon,Croyde,,"A short, punchy clifftop circuit around Baggy Point with huge views over Croyde Bay and, on clear days, Lundy Island. Plenty of side gullies and sandy coves for a dog to investigate.",https://www.southwestcoastpath.org.uk/,false
dog-friendly-uk,The Globe Inn,pub,Devon,Topsham,,"A 16th-century coaching inn with a dog-friendly bar and a garden looking over the River Exe. It sits at the end of a lovely estuary walk, so you can earn your pint first.",,false
dog-friendly-uk,The Masons Arms,pub,Devon,Branscombe,EX12 3DJ,"A thatched, low-ceilinged inn in a picture-postcard village close to the Jurassic Coast. Dogs are welcome at the bar and in the garden, and the beach walk from the front door is a proper leg-stretcher.",https://www.masonsarms.co.uk/,false
dog-friendly-uk,The Anglers Rest,pub,Devon,Westward Ho!,EX39 1JU,"A friendly seafront pub with sea views, local ales and a menu big on fresh seafood. It is a short walk from two miles of sandy beach and the start of the South West Coast Path.",https://www.anglersrest.co.uk/,false
dog-friendly-uk,Catbells,trail,Cumbria,Keswick,,"The Lake District's favourite little fell — a steep, scrambly but short climb with one of the best views in the Lakes. Sturdy paws and boots will manage it, and the descent to the shore of Derwentwater is the reward.",,false
dog-friendly-uk,Derwentwater Shore Path,trail,Cumbria,Keswick,,"A gentle, mostly flat lakeside path from Keswick around the wooded shore of Derwentwater. There are constant places to paddle, lakeside benches for the humans and not a steep step in sight.",,false
dog-friendly-uk,The Dog & Gun,pub,Cumbria,Keswick,CA12 5AT,"A proper Lakeland boozer whose name says it all — muddy boots and damp dogs are part of the furniture. Expect real ales, big portions and a wood burner to dry off by after a day on the fells.",https://www.thedogandgunkeswick.co.uk/,false
dog-friendly-uk,The Kirkstile Inn,pub,Cumbria,Loweswater,CA13 0RU,"A 16th-century inn at the foot of Mellbreak with its own microbrewery and a snug full of walkers' dogs. The flat circuit of Loweswater lake starts from the door, making it the classic pub-with-a-walk.",https://www.kirkstile.com/,false
dog-friendly-uk,Wasdale Head & Wast Water Shore,trail,Cumbria,Wasdale,CA20 1EX,"A wild walk along the shore of England's deepest lake, with Scafell Pike towering at the head of the valley. The path is rough and the weather changes fast, so it suits sure-footed dogs and quiet walkers.",,false
dog-friendly-uk,Cockshott Point & Windermere Shore,trail,Cumbria,Bowness-on-Windermere,LA23 3HE,"An easy, flat shore walk from Bowness with far-reaching views across the widest part of Windermere. It is pushchair-friendly, full of stick-chasing potential and close to the town's dog-tolerant cafés.",,false
dog-friendly-uk,St Bees Beach,beach,Cumbria,St Bees,CA27 0DR,"A long shingle-and-sand beach at the western start of the Wainwright Coast to Coast walk. Dogs can stretch their legs for miles beneath the red sandstone cliffs and the seabird colony above.",,false
dog-friendly-uk,The Drunken Duck,pub,Cumbria,Ambleside,LA22 0NG,"A famously good inn high above Windermere, brewing its own beer and serving serious Cumbrian food. Dogs get a warm welcome, a water bowl and usually a biscuit while you eat.",https://www.drunkenduckinn.co.uk/,false
dog-friendly-uk,Robin Hood's Bay Beach,beach,North Yorkshire,Whitby,YO22 4SH,"A sweeping, dog-friendly beach below the old fishing village of the same name. At low tide you can walk the firm sand south to the smugglers' caves and back with your toes in the water.",,false
dog-friendly-uk,Cleveland Way: Robin Hood's Bay to Whitby,trail,North Yorkshire,Whitby,YO22 4SH,"A dramatic six-mile clifftop leg of the Cleveland Way between two of Yorkshire's best coastal towns. Keep an eye out for dolphins, and give the nesting seabirds some room below the cliffs.",https://www.nationaltrail.co.uk/en_GB/trails/cleveland-way-trail/,false
dog-friendly-uk,Brimham Rocks,trail,North Yorkshire,Pateley Bridge,HG3 5UA,"A surreal National Trust landscape of wind-carved gritstone towers where dogs can scramble between the rocks. The waymarked circular path takes in all the strangest formations, including the Dancing Bear.",https://www.nationaltrust.org.uk/visit/yorkshire/brimham-rocks,false
dog-friendly-uk,Malham Cove & Gordale Scar,trail,North Yorkshire,Malham,BD23 4DJ,"A classic Yorkshire Dales walk linking a 100-metre limestone amphitheatre with the dramatic gorge of Gordale Scar. There are steps, stiles and grazing sheep, so leads are the sensible choice.",https://www.yorkshiredales.org.uk/,false
dog-friendly-uk,Flamborough South Landing,beach,North Yorkshire,Flamborough,YO15 1PD,"A sheltered pebble beach beneath towering white chalk cliffs at the edge of Flamborough Head. Dogs love the rock pools at low tide, and the clifftop path offers a longer stroll above.",,false
dog-friendly-uk,The Fat Badger,pub,North Yorkshire,Harrogate,,"A characterful pub beside Harrogate's Valley Gardens with a genuinely dog-friendly bar and a menu of Yorkshire classics. The gardens and pine woods out back are ideal for a pre-lunch walk.",https://www.fatbadgerharrogate.co.uk/,false
dog-friendly-uk,The Ship Inn,pub,North Yorkshire,Filey,,"A no-frills seafront pub a couple of minutes from Filey's long sandy beach. Expect cheap pints, big plates of fish and chips and a bar that is used to wet dogs.",https://theshipinnfiley.co.uk/,false
dog-friendly-uk,Whitby Abbey Headland Route,trail,North Yorkshire,Whitby,YO22 4JT,"A breezy clifftop loop around the abbey headland with sweeping views over Whitby's red roofs and harbour. The classic approach is the famous 199 steps up from the town, and dogs are welcome on leads.",,false
dog-friendly-uk,Mam Tor & the Great Ridge,trail,Derbyshire,Castleton,S33 8WA,"A classic ridge walk with 360-degree views from the 'shivering mountain' across the Edale and Hope valleys. Start from Castleton and reward the climb with a pint in one of the village pubs.",https://www.peakdistrict.gov.uk/,false
dog-friendly-uk,Dovedale Stepping Stones,trail,Derbyshire,Ilam,DE6 2AY,"A gentle walk along the River Dove to the famous stepping stones, framed by limestone crags and ancient woodland. The shallows are perfect for a dog to cool off, and there are several picnic spots.",,false
dog-friendly-uk,Ladybower Reservoir Shore,trail,Derbyshire,Bamford,,"A flat, easy path along the shore of the great Ladybower Reservoir with the dams and Derwent Edge above. Good for older dogs and prams, with plenty of benches and open water views.",,false
dog-friendly-uk,Bakewell Riverside Walk,trail,Derbyshire,Bakewell,DE45 1DS,"A pretty town walk following the River Wye through meadows and past the 13th-century bridge. Finish with a Bakewell pudding — most of the town's cafés are happy to see well-behaved dogs.",,false
dog-friendly-uk,The Peacock at Rowsley,pub,Derbyshire,Rowsley,DE4 2EB,"A smart country pub on the edge of the Peak District with a roaring fire and a proper welcome for dogs. Walk off the roast along the River Derwent or in the gardens after lunch.",https://www.thepeacockatrowsley.com/,false
dog-friendly-uk,The Old Hall Inn,pub,Derbyshire,Chinley,SK23 6AL,"A 17th-century coaching inn at the foot of the Pennines, popular with walkers and their dogs. Real fires, cask ales and a menu that does not mess about.",https://www.oldhallinn.co.uk/,false
dog-friendly-uk,The Royal Oak,pub,Derbyshire,Hurdlow,SK17 9QJ,"A classic stone-built pub on the old moorland turnpike road above the Staffordshire border. Dogs get a bowl and a fuss while walkers work through the excellent Sunday roasts.",https://www.royaloakhurdlow.co.uk/,false
dog-friendly-uk,Chatsworth Estate Parkland,trail,Derbyshire,Bakewell,DE45 1PP,"A sweeping parkland walk around the Duke of Devonshire's estate, following the River Derwent past the famous house. Dogs must stay on leads, but the space, deer park and views make up for it.",https://www.chatsworth.org/,false
dog-friendly-uk,Three Cliffs Bay,beach,Wales,Gower,SA3 2HB,"The postcard beach of the Gower Peninsula — a golden bay guarded by three sea stacks and a great dune system. There is no direct road access, so dogs get space and the walk in is half the fun.",https://www.nationaltrust.org.uk/visit/wales/three-cliffs-bay,false
dog-friendly-uk,Rhossili Bay,beach,Wales,Gower,SA3 1PR,"Three miles of unbroken sand beneath the whaleback of Rhossili Down, repeatedly voted one of the world's best beaches. Dogs can run the entire length of it, and the Worm's Head causeway is an adventure at low tide.",https://www.nationaltrust.org.uk/visit/wales/rhossili-bay,false
dog-friendly-uk,Llanberis Path up Snowdon,trail,Wales,Llanberis,LL55 4UL,"The gentlest of the main routes up Wales's highest mountain, following the old railway line for much of the way. It is still a full day out, so allow six hours and keep dogs on leads near grazing sheep.",https://www.snowdonia.gov.wales/,false
dog-friendly-uk,Pen y Fan,trail,Wales,Brecon Beacons,LD3 8NL,"The highest peak in south Wales, reached by a steady grassy climb from the Storey Arms car park. On a clear day the views stretch for miles, but the summit is busy — go early on a weekday.",https://www.beacons-npa.gov.uk/,false
dog-friendly-uk,Llyn Idwal & the Ogwen Valley,trail,Wales,Bethesda,LL57 3LZ,"A dramatic lakeside circuit beneath the sheer cliffs of the Glyderau, with some of Snowdonia's most impressive mountain scenery. The path is well trodden but the weather can change in minutes, so pack waterproofs.",,false
dog-friendly-uk,Pembrokeshire Coast Path: St David's to Whitesands,trail,Wales,St David's,SA62 6QT,"A glorious cliff-top stretch of the Pembrokeshire Coast Path past St Non's Chapel and St David's Head. Expect seabirds, wildflowers and, if you are lucky, porpoises playing in the bay below.",https://www.pembrokeshirecoast.wales/,false
dog-friendly-uk,The White Horse,pub,Wales,Crickhowell,NP8 1AT,"A relaxed pub with rooms in a pretty Black Mountains town, serving local ales and seasonal food. Dogs are welcome at the bar, and canal towpath and hill walks start right outside the door.",https://www.whitehorsemanor.co.uk/,false
dog-friendly-uk,The West Arms,pub,Wales,Llanarmon Dyffryn Ceiriog,LL20 7LD,"A 16th-century inn tucked in a quiet Ceiriog Valley village, all low beams, open fires and proper Welsh hospitality. The hills around are laced with quiet footpaths made for a post-lunch stroll.",https://www.thewestarms.co.uk/,false
dog-friendly-uk,Arthur's Seat,trail,Scotland,Edinburgh,EH8 8AZ,"An ancient volcano in the middle of Edinburgh offering the city's best panorama. The main path up from Holyrood is wide and well graded, and the grassy summit makes a fine picnic spot.",,false
dog-friendly-uk,Portobello Beach,beach,Scotland,Edinburgh,EH15 3BA,"Edinburgh's seaside — a long, gently shelving beach with the city skyline behind you. Dogs are welcome all year, and the Victorian promenade is lined with cafés and chippies for afterwards.",,false
dog-friendly-uk,St Andrews West Sands,beach,Scotland,St Andrews,KY16 8XS,"The long flat beach made famous by Chariots of Fire, stretching for two miles beside the golf links. Firm sand at the water's edge is perfect for a gallop, and the Eden Estuary nature reserve is at the far end.",,false
dog-friendly-uk,Loch an Eilein,trail,Scotland,Aviemore,PH22 1QU,"A beautiful, easy circuit around a pine-fringed loch with a ruined island castle at its heart. The path is flat and pram-friendly, and there is a cafe with a view at the start.",,false
dog-friendly-uk,The Sheep Heid Inn,pub,Scotland,Edinburgh,EH15 3QA,"Claimed to be Scotland's oldest pub, hidden in the village of Duddingston at the foot of Arthur's Seat. Dogs get water and a fuss, and the ancient skittle alley is a proper curiosity.",https://www.thesheepheidedinburgh.co.uk/,false
dog-friendly-uk,The Old Bridge Inn,pub,Scotland,Aviemore,PH22 1PX,"A cosy riverside pub in the heart of the Cairngorms with a famously deep whisky list. Dogs are welcome, and the Speyside trails and Loch an Eilein are a short stroll away.",https://www.oldbridgeinn.co.uk/,false
dog-friendly-uk,Glenfinnan Viaduct Walk,trail,Scotland,Glenfinnan,PH37 4LT,"An atmospheric walk around the head of Loch Shiel with the famous curved viaduct soaring overhead. Check the Jacobite steam train timetable so you are in position when it rumbles across the arches.",,false
dog-friendly-uk,The Canny Man's,pub,Scotland,Edinburgh,,"A gloriously cluttered Morningside institution stacked with bric-a-brac, maps and whisky, famous for its dog-loving staff. It is small and busy, so treat it as a drink-and-a-snack stop rather than a big meal.",https://www.cannymans.com/,false
dog-friendly-uk,Causeway Coast Way: Portballintrae to the Giant's Causeway,trail,Northern Ireland,Bushmills,BT57 8RS,"A thrilling cliff-top stretch of the Causeway Coast Way with the Atlantic roaring into sea arches and blowholes below. The route links Portballintrae to the Giant's Causeway with huge views over to Scotland.",https://www.visitcausewaycoastandglens.com/,false
dog-friendly-uk,Giant's Causeway Coastal Path,trail,Northern Ireland,Bushmills,BT57 8SU,"The clifftop approach to the world-famous basalt columns, with seabird cliffs and sea-stack views along the way. Keep dogs on leads on the busy sections, but the Atlantic air is unbeatable.",https://www.nationaltrust.org.uk/visit/northern-ireland/the-giant-s-causeway,false
dog-friendly-uk,Ballycastle Beach,beach,Northern Ireland,Ballycastle,BT54 6BN,"A long sandy beach in a sheltered bay looking across to Rathlin Island and, on the clearest days, the Mull of Kintyre. The flat seafront promenade makes an easy evening stroll with the dog.",,false
dog-friendly-uk,The Fullerton Arms,pub,Northern Ireland,Ballycastle,,"A friendly town-centre pub known for its quirky carved wooden doors and hearty bar food. Dogs get a warm welcome, and the beach and Glens of Antrim walks are minutes away.",https://www.thefullertonarms.com/,false
dog-friendly-uk,Crawfordsburn Beach,beach,Northern Ireland,Crawfordsburn,BT19 1XZ,"A sheltered sandy beach in a wooded glen on the shores of Belfast Lough. The country park's riverside paths are lovely for a longer walk, and there is plenty of room for dogs even in summer.",,false
dog-friendly-uk,The Dirty Duck Ale House,pub,Northern Ireland,Holywood,,"A proper ale house beside Holywood railway station, pouring cask beer and serving big plates of comfort food. Dogs are welcome, and the coastal path along Belfast Lough starts outside the door.",https://www.dirtyduckalehouse.com/,false
dog-friendly-uk,Howth Cliff Path,trail,Ireland,Howth,D13,"A stunning cliff loop around the Howth headland with Dublin Bay laid out behind you and sheep-dotted hillsides ahead. The full circuit takes a couple of hours, with plenty of spots to stop and watch the seals.",,false
dog-friendly-uk,Sandycove & the Forty Foot,beach,Ireland,Sandycove,A96,"A classic Dublin swimming spot where bathers brave the water all year and dogs are welcome on the rocks and grass. The views across Dublin Bay to Howth are among the best on the coast.",,false
dog-friendly-uk,Killiney Hill,trail,Ireland,Dalkey,A96,"A short, steep walk up Killiney Hill for one of the finest panoramas on Ireland's east coast — the 'Irish Riviera' of Killiney Bay lies below. There is an obelisk at the top and plenty of benches on the way.",,false
dog-friendly-uk,Glendalough & the Wicklow Way,trail,Ireland,Laragh,A98,"A beautiful lakeside walk from the ancient monastic city up into the Wicklow Mountains along the Wicklow Way. The lower lake loop is easy, and the climb to the upper lake is well worth the puff.",https://www.wicklowmountainsnationalpark.ie/,false
dog-friendly-uk,Greystones Beach,beach,Ireland,Greystones,A63,"A long shingle-and-sand beach at the end of the popular cliff walk from Bray. Dogs can swim and run for miles, and the seafront has plenty of cafés for the humans.",,false
dog-friendly-uk,Inchydoney Beach,beach,Ireland,Clonakilty,P85,"Two connected strands of golden sand wrapping around a headland on the wild West Cork coast. One of Ireland's best dog beaches, with surf, dunes and the pubs of Clonakilty a short drive away.",,false
dog-friendly-uk,The Bleeding Horse,pub,Ireland,Dublin,D02,"A warm Victorian-era pub on Camden Street with a proper welcome for dogs at the bar. It is a favourite for a post-walk pint, and the Grand Canal towpath is a five-minute stroll away.",https://www.thebleedinghorse.ie/,false
dog-friendly-uk,The Abbey Tavern,pub,Ireland,Howth,D13,"A traditional Irish pub in the heart of Howth village, famous for seafood and live music. Dogs are welcome, and it is the perfect refuel stop at the end of the Howth cliff path.",https://www.abbeytavern.ie/,false
dog-friendly-uk,Tehidy Country Park,dog_park,Cornwall,Camborne,,"Cornwall's largest country park, with 250 acres of woodland, lakes and wide grassy rides that dogs can explore off the lead. The network of surfaced paths makes it an easy morning walk in all weathers.",,false
dog-friendly-uk,Mount Edgcumbe Country Park,dog_park,Cornwall,Torpoint,PL10 1HZ,"Grade I listed parkland at the mouth of the River Tamar with sweeping lawns, woodland and views across Plymouth Sound. Dogs are welcome throughout, and the coastal path from the gardens is superb.",https://www.mountedgcumbe.gov.uk/,false
dog-friendly-uk,Bodmin Beacon,dog_park,Cornwall,Bodmin,,"A restored hillside parkland crowned by the landmark beacon tower above Bodmin town. Wide, open grass slopes and woodland paths give dogs plenty of room to run with the town laid out below.",,false
dog-friendly-uk,Trelissick Estate,dog_park,Cornwall,Feock,TR3 6QL,"A National Trust estate of parkland and riverside woods on a bend of the Fal estuary. Dogs are welcome on leads in the gardens and can enjoy the woods and shoreline paths too.",https://www.nationaltrust.org.uk/visit/cornwall/trelissick,false
dog-friendly-uk,Stover Country Park,dog_park,Devon,Newton Abbot,TQ12 6QG,"A peaceful country park built around a grand lake, with heathland, woods and plenty of duck-watching. There is a level dog-friendly route around the water and a cafe at the old gatehouse.",,false
dog-friendly-uk,Parke Estate,dog_park,Devon,Bovey Tracey,TQ13 9JQ,"A National Trust estate of wood pasture and parkland on the edge of Dartmoor, with a riverside walk along the River Bovey. Dogs can stretch out on the open lawns or follow the estate's waymarked trails.",https://www.nationaltrust.org.uk/visit/devon/parke,false
dog-friendly-uk,Killerton Estate,dog_park,Devon,Exeter,EX5 3LE,"A National Trust estate with sweeping parkland, formal gardens and miles of woodland paths. Dogs are welcome on the estate walks (on leads in the gardens) and there is space for a long afternoon.",https://www.nationaltrust.org.uk/visit/devon/killerton,false
dog-friendly-uk,Dartington Estate,dog_park,Devon,Totnes,TQ9 6EL,"A thousand-acre estate of parkland, ancient woodland and gardens around the historic Dartington Hall. Dogs are welcome on the estate trails, with the River Dart running along one side.",https://www.dartington.org/,false
dog-friendly-uk,Brockhole,dog_park,Cumbria,Windermere,LA23 1LJ,"The Lake District Visitor Centre on the shores of Windermere, with terraced gardens, lawns and lake-shore paths. It is a relaxed, easy-to-reach spot with a cafe, and dogs are welcome throughout.",https://www.lakedistrict.gov.uk/visiting/brockhole,false
dog-friendly-uk,Whinlatter Forest Park,dog_park,Cumbria,Keswick,CA12 5TW,"England's only true mountain forest, with miles of wide forest tracks that are brilliant for off-lead running. The red squirrel viewpoint and the cafe make it a full day out for two and four legs.",https://www.forestryengland.uk/whinlatter,false
dog-friendly-uk,Fell Foot,dog_park,Cumbria,Newby Bridge,LA12 8NN,"A National Trust lakeside park at the southern tip of Windermere with sweeping lawns running down to the water. Dogs are welcome all year, and the boathouse cafe is a handy refuel stop.",https://www.nationaltrust.org.uk/visit/lake-district/fell-foot,false
dog-friendly-uk,Grizedale Forest,dog_park,Cumbria,Hawkshead,LA22 0QJ,"A working forest packed with sculpture trails, lakes and quiet tracks where dogs can roam for hours. The visitor centre has a cafe, and the mountain-bike trails mean you can mix up the day.",https://www.forestryengland.uk/grizedale,false
dog-friendly-uk,The Stray,dog_park,North Yorkshire,Harrogate,,"Two hundred acres of open, unfenced grassland right in the middle of Harrogate, criss-crossed by wide paths. Dogs can have a proper run in the centre of town, with a cafe at each corner.",,false
dog-friendly-uk,Valley Gardens,dog_park,North Yorkshire,Harrogate,,"Fifty acres of woodland and streamside gardens running through the heart of Harrogate. Paved paths, a boating lake and plenty of sniffing opportunities make it a firm favourite with local dog walkers.",,false
dog-friendly-uk,Rowntree Park,dog_park,North Yorkshire,York,YO23 1JQ,"A Victorian park beside the River Ouse with lawns, woodland and a lake, all within walking distance of York city centre. The riverside path links it to the Millennium Bridge for a longer loop.",,false
dog-friendly-uk,Dalby Forest,dog_park,North Yorkshire,Pickering,YO18 7LT,"A huge Forestry England forest on the slopes of the North York Moors with miles of family-friendly trails. There is a dog-friendly zone on the red route and a cafe at the visitor centre.",https://www.forestryengland.uk/dalby,false
dog-friendly-uk,Markeaton Park,dog_park,Derbyshire,Derby,DE22 3BG,"Derby's most popular park, with open lawns, woodland, a river and a great playground. The circular paths are flat and easy, and there are plenty of benches and two cafés.",,false
dog-friendly-uk,Elvaston Castle Country Park,dog_park,Derbyshire,Derby,DE72 3EP,"A romantic Gothic-revival estate with wildflower meadows, woodland and a lake beside the castle ruins. Dogs are welcome across the park, and the formal gardens are worth a look too.",,false
dog-friendly-uk,Buxton Pavilion Gardens,dog_park,Derbyshire,Buxton,SK17 6XN,"A beautiful Victorian park in the middle of Buxton with the River Wye flowing through it. Tree-lined avenues, a bandstand and the opera house backdrop make it a lovely town-centre dog stroll.",,false
dog-friendly-uk,Shipley Country Park,dog_park,Derbyshire,Heanor,DE75 7GX,"Nearly 800 acres of parkland, lakes and old pit mounds on the edge of the Amber Valley. There are miles of multi-user trails and a great cafe in the old stables courtyard.",,false
dog-friendly-uk,Bute Park,dog_park,Wales,Cardiff,,"Cardiff's green heart — 130 acres of parkland, gardens and river walk alongside the castle. Dogs are welcome on leads, with the Taff Trail running along one side for a longer outing.",,false
dog-friendly-uk,Roath Park,dog_park,Wales,Cardiff,,"A much-loved Cardiff park with a huge boating lake, tree-lined promenade and a glasshouse at the top. The lake walk is flat and pushchair-friendly, and the botanical gardens next door are beautiful.",,false
dog-friendly-uk,Margam Country Park,dog_park,Wales,Port Talbot,SA13 2TJ,"A grand country estate with 1,000 acres of parkland, the ruins of Margam Abbey and herds of deer. Dogs are welcome throughout the park, and the orangery cafe is worth seeking out.",,false
dog-friendly-uk,Bryngarw Country Park,dog_park,Wales,Bridgend,CF32 8HS,"A beautiful wooded parkland in the Garw Valley with the river running through the middle. There are circular waymarked walks, a walled garden and plenty of shady spots for warm days.",,false
dog-friendly-uk,The Meadows,dog_park,Scotland,Edinburgh,,"Edinburgh's favourite flat green space — a mile-long stretch of open grassland perfect for a dog to stretch its legs. The paths are busy with runners and cyclists, but the open centre is all yours.",,false
dog-friendly-uk,Pollok Country Park,dog_park,Scotland,Glasgow,G43 1AT,"Glasgow's largest park, with 360 acres of woodland, the Burrell Collection and free-roaming Highland cattle. Keep dogs under close control near the cows, but otherwise it is off-lead heaven.",,false
dog-friendly-uk,Dalkeith Country Park,dog_park,Scotland,Dalkeith,EH22 2NA,"A historic estate with a riverside adventure trail, walled garden and miles of woodland paths. The Fort Douglas play area and cafe make it a firm favourite with families and their dogs.",https://www.dalkeithcountrypark.co.uk/,false
dog-friendly-uk,Vogrie Country Park,dog_park,Scotland,Gorebridge,EH23 4NU,"A friendly country park in Midlothian with mature woodland, the River Tyne and a great adventure playground. The walled garden and easy circular paths make it an all-weather favourite.",,false
dog-friendly-uk,Ormeau Park,dog_park,Northern Ireland,Belfast,BT7 3GY,"Belfast's oldest public park, a long stretch of mature trees and open lawns along the River Lagan. The Lagan towpath links it to the city centre for a longer riverside walk.",,false
dog-friendly-uk,Belvoir Park Forest,dog_park,Northern Ireland,Belfast,BT8 7QT,"A mature forest of 80 hectares on the edge of south Belfast with beautiful old beech and oak avenues. The waymarked trails wind through the woods with the river nearby and very few crowds.",,false
dog-friendly-uk,Carnfunnock Country Park,dog_park,Northern Ireland,Larne,BT40 2QZ,"A coastal country park on the Antrim Coast Road with woodland, a walled garden and sea views across to Scotland. The maze and adventure playground keep everyone busy, and dogs are welcome.",,false
dog-friendly-uk,Phoenix Park,dog_park,Ireland,Dublin,D08,"One of the largest enclosed city parks in Europe, with 1,750 acres of grassland, woods and the famous wild deer. It is a true escape from the city — just keep dogs well away from the deer.",https://www.phoenixpark.ie/,false
dog-friendly-uk,St Anne's Park,dog_park,Ireland,Dublin,D05,"A huge public park on Dublin's northside with woodlands, a rose garden, playing fields and a lovely cafe in the old stables. The weekend food market is a local highlight.",,false
dog-friendly-uk,Marlay Park,dog_park,Ireland,Dublin,D16,"A popular south Dublin park with a historic house, craft courtyard, farmers' market and riverside walks. There are designated dog-friendly areas and plenty of space on the open lawns.",,false
dog-friendly-uk,Bushy Park,dog_park,Ireland,Dublin,D6W,"A beautiful park in Terenure with the River Dodder running along one side and a tree-lined avenue at its heart. It is smaller than Phoenix Park but full of character and much-loved by local dog walkers.",,false
dog-friendly-uk,Glen River Park,dog_park,Ireland,Cork,T12,"A hidden gem of a woodland park on Cork city's north side, following the Glen River through mature trees. It feels a world away from the city, with steep but rewarding paths.",,false
dog-friendly-uk,The Pandora Inn,pub,Cornwall,Restronguet,TR11 5ST,"A whitewashed inn on the edge of Restronguet Creek with a pontoon garden right on the water. It is one of Cornwall's classic dog-friendly pubs, with mooring views and seafood to match.",https://www.pandorainn.com/,false
dog-friendly-uk,The Rock Inn,pub,Devon,Haytor Vale,TQ13 9XP,"A granite inn on the edge of Dartmoor with a roaring fire and a proper welcome for wet dogs. The lane up to Haytor Rocks starts outside, so you can earn your pint first.",https://www.rock-inn.co.uk/,false
dog-friendly-uk,The Nobody Inn,pub,Devon,Doddiscombsleigh,EX6 7PS,"A centuries-old inn hidden in a tiny Dartmoor village, famous for its huge wine cellar and cream teas. Dogs are welcome by the fire, and the lanes around are perfect for a wander.",https://www.nobodyinn.co.uk/,false
dog-friendly-uk,The Wild Boar,pub,Cumbria,Crook,,"A grand old coaching inn with its own golf club and a cosy, dog-friendly bar. It sits on the edge of the Winster Valley, with lovely country lanes for a pre-dinner walk.",https://www.wildboar.co.uk/,false
dog-friendly-uk,The Mortal Man,pub,Cumbria,Troutbeck,LA23 1PL,"A much-loved Lakeland inn in the hilltop village of Troutbeck, with a long dog-friendly history. The views across to the fells from the beer garden are among the best in the Lakes.",https://www.themortalman.co.uk/,false
dog-friendly-uk,The Fox & Hounds,pub,North Yorkshire,Appleton-le-Moors,YO62 6TF,"A warm village pub on the edge of the North York Moors, welcoming walkers and their dogs all year. The open fires and home-cooked food are the reward for a day on the heather.",https://www.foxandhoundsinn.com/,false
dog-friendly-uk,The Chequers Inn,pub,Derbyshire,Froggatt,S32 3ZJ,"A cosy stone inn in the Hope Valley with a streamside garden and a menu of proper pub food. Dogs are welcome throughout, and the walk to Froggatt Edge starts from the door.",https://www.chequers-froggatt.com/,false
dog-friendly-uk,The Three Stags' Heads,pub,Derbyshire,Wardlow,SK17 8RP,"A famously traditional pub high on the Derbyshire hills with no bar — beers are pulled from the cellar and brought to your table. Dogs are welcome in the snug, and the views are huge.",https://www.threestagsheadswardlow.co.uk/,false
dog-friendly-uk,The Old Black Lion,pub,Wales,Hay-on-Wye,HR3 5AD,"A 17th-century coaching inn in the book town of Hay-on-Wye, with a dog-friendly bar and rooms. It is a short walk from the castle and the River Wye, and the Sunday roasts are legendary.",https://www.oldblacklion.co.uk/,false
dog-friendly-uk,The Felin Fach Griffin,pub,Wales,Brecon,LD3 0UB,"A celebrated country inn at the foot of the Brecon Beacons with a proper dog welcome and top-notch seasonal food. The owners keep a barrel of dog biscuits behind the bar.",https://www.felinfachgriffin.co.uk/,false
dog-friendly-uk,The Hanging Bat,pub,Scotland,Edinburgh,EH3 9AB,"A craft-beer bar in the West End with a genuinely dog-friendly room and a wood-fired kitchen. There are always a few well-behaved dogs under the tables, and the staff bring water bowls without asking.",https://www.thehangingbat.co.uk/,false
dog-friendly-uk,The Bridge Inn,pub,Scotland,Ratho,EH28 8AA,"A riverside inn on the Union Canal with a famously dog-friendly bar and a big waterside terrace. The canal towpath runs right past the door for a relaxed pre- or post-pint stroll.",https://www.bridgeinn.com/,false
dog-friendly-uk,The Gravediggers,pub,Ireland,Dublin,D11,"Officially John Kavanagh's, but everyone knows it as The Gravediggers — a perfect Victorian pub beside Glasnevin Cemetery. Traditional snug, proper pints and a warm welcome for dogs.",,false
dog-friendly-uk,Harlyn Bay,beach,Cornwall,Padstow,PL28 8SB,"A sheltered family beach just west of Padstow with soft sand and gentle waves. Dogs are welcome all year, and the dunes behind are a great place for an evening zoom.",,false
dog-friendly-uk,Bantham Beach,beach,Devon,Bantham,TQ7 3AN,"A long stretch of golden sand at the mouth of the River Avon, with surf and stunning views up the estuary. Dogs are welcome all year on most of the beach, and the village pub is dog-friendly.",,false
dog-friendly-uk,Instow Beach,beach,Devon,Instow,EX39 4JS,"A gently shelving beach beside the Torridge estuary with calm, shallow water that suits paddle-loving dogs. The old railway line behind is now a flat, buggy-friendly walk.",,false
dog-friendly-uk,Silecroft Beach,beach,Cumbria,Silecroft,LA18 5NZ,"A long, quiet shingle-and-sand beach at the foot of Black Combe, with the fells rising straight behind. It is one of Cumbria's best beaches for an off-lead run with barely another soul around.",,false
dog-friendly-uk,Runswick Bay,beach,North Yorkshire,Runswick Bay,TS13 5HT,"A sweeping, dog-friendly bay below a pretty cliff-top village with colourful cottages. At low tide the sand goes on for miles, and fossil hunters will be in heaven.",,false
dog-friendly-uk,Cayton Bay,beach,North Yorkshire,Scarborough,YO11 3NJ,"A wide bay backed by grassy cliffs, popular with surfers and dog walkers alike. The walk down is steep, but the space and the sea make it worth every step.",,false
dog-friendly-uk,Newgale Beach,beach,Wales,Newgale,SA62 6AS,"A huge expanse of sand at the northern end of St Bride's Bay, famous for its beachfront pub and powerful surf. Dogs are welcome all year across most of the beach.",,false
dog-friendly-uk,Oxwich Bay,beach,Wales,Gower,SA3 1LS,"A perfect crescent of golden sand in a sheltered bay on the south Gower coast. The dunes behind are a nature reserve and the whole bay is a brilliant, spacious dog beach.",https://www.nationaltrust.org.uk/visit/wales/oxwich-bay,false
dog-friendly-uk,Aberdour Silver Sands,beach,Scotland,Aberdour,KY3 0TU,"A gentle, sheltered beach on the Fife coast with soft sand and shallow water. The railway station is a five-minute walk away, making it an easy day trip from Edinburgh.",,false
dog-friendly-uk,Yellowcraig Beach,beach,Scotland,Dirleton,EH39 5DS,"A wide, dune-backed beach near North Berwick with views across to Fidra island and its lighthouse. There is a small car park, a nature trail and plenty of room for dogs to race about.",,false
dog-friendly-uk,Benone Beach,beach,Northern Ireland,Limavady,BT49 0LQ,"Seven miles of flat golden sand at the foot of Mussenden Temple, one of Northern Ireland's longest beaches. The open, exposed stretch is perfect for a bracing winter walk with the dog.",,false
dog-friendly-uk,Portstewart Strand,beach,Northern Ireland,Portstewart,BT55 7PG,"A two-mile National Trust strand backed by high dunes at the mouth of the River Bann. There is a lovely walk through the dunes, and the beach is a firm favourite with dog owners.",https://www.nationaltrust.org.uk/visit/northern-ireland/portstewart-strand,false
dog-friendly-uk,Portmarnock Beach,beach,Ireland,Portmarnock,D13,"The Velvet Strand — three miles of wide, firm sand just north of Dublin, famous from the opening line of a classic novel. Dogs can gallop along the water's edge with Howth Head on the horizon.",,false
dog-friendly-uk,Brittas Bay,beach,Ireland,Wicklow,A67,"A two-mile stretch of soft golden sand backed by dunes, one of Ireland's best-loved family beaches. The open shoreline gives dogs plenty of room even on summer weekends.",,false
dog-friendly-uk,Bedruthan Steps & Carnewas,trail,Cornwall,Padstow,PL27 6UA,"A dramatic National Trust clifftop path above a string of sea stacks that only appear at low tide. The steps down to the beach are steep, but the views along the coast are unforgettable.",https://www.nationaltrust.org.uk/visit/cornwall/bedruthan-steps-and-carnewas,false
dog-friendly-uk,Exe Estuary Trail,trail,Devon,Exmouth,EX8 1DU,"A flat, traffic-free cycle and walking path circling the whole Exe Estuary, with birdlife and water views all the way. Pick a section from Exmouth or Topsham for an easy, pram-friendly outing.",,false
dog-friendly-uk,Wistman's Wood,trail,Devon,Postbridge,PL20 6TF,"A hauntingly ancient oak wood on the slopes of Dartmoor, with gnarled trees and boulders wrapped in moss. The moorland walk in is open and wild — keep dogs close where sheep graze.",,false
dog-friendly-uk,Aira Force & Ullswater,trail,Cumbria,Penruddock,CA11 0LR,"A National Trust woodland gorge walk to a spectacular 65-foot waterfall on the Ullswater shore. The paths are well made but steep in places, and the lake views on the return leg are superb.",https://www.nationaltrust.org.uk/visit/lake-district/aira-force-and-ullswater,false
dog-friendly-uk,Roseberry Topping,trail,North Yorkshire,Great Ayton,TS9 6QR,"The 'Yorkshire Matterhorn' — a distinctive sugarloaf hill with a short, sharp climb and huge views over the moors. The circular walk from Newton-under-Roseberry is a classic.",,false
dog-friendly-uk,Kilburn White Horse & Sutton Bank,trail,North Yorkshire,Kilburn,YO61 4HJ,"A ridge-top walk past the famous chalk white horse with views across the Vale of York. The escarpment path and the visitor centre cafe make it a brilliant half-day out.",https://www.northyorkmoors.org.uk/,false
dog-friendly-uk,Cromford Canal Towpath,trail,Derbyshire,Cromford,DE4 3RQ,"A flat, easy towpath walk along the old Cromford Canal past mills, woodland and the famous Leawood pumping house. It links Matlock and Cromford and is perfect for dogs of all ages.",,false
dog-friendly-uk,Monsal Trail,trail,Derbyshire,Bakewell,DE45 1NL,"A traffic-free route along a former railway line with five tunnels and the spectacular Monsal Head viaduct. Flat, well-surfaced and brilliant for dogs, bikes and buggies alike.",https://www.peakdistrict.gov.uk/,false
dog-friendly-uk,Stanage Edge,trail,Derbyshire,Hathersage,S32 1BR,"A wild gritstone escarpment above Hathersage with one of the finest ridgelines in the Peak District. The clifftop path is open and breezy, with endless room for a dog to run.",,false
dog-friendly-uk,Elan Valley,trail,Wales,Rhayader,LD6 5HP,"A landscape of Victorian dams and reservoirs surrounded by hills and forest in mid-Wales. The trails around the lakes are family-friendly and the visitor centre is a great stopping point.",https://www.elanvalley.org.uk/,false
dog-friendly-uk,Pentland Hills,trail,Scotland,Edinburgh,,"A rolling range of hills right on Edinburgh's doorstep, with waymarked routes for every level. The walk up to Scald Law reaches the highest point, with views over the whole city and beyond.",,false
dog-friendly-uk,Loch Morlich,trail,Scotland,Aviemore,PH22 1QZ,"A glorious circuit around a pine-fringed loch with a sandy beach and views up to the Cairngorm summits. The flat path is easy going, and there are plenty of spots for a paddle break.",,false
dog-friendly-uk,Murlough Nature Reserve,trail,Northern Ireland,Dundrum,BT33 0NQ,"A 6,000-year-old sand dune system along the edge of Dundrum Bay, managed by the National Trust. The waymarked trails through the dunes are beautiful, with dogs welcome on leads.",https://www.nationaltrust.org.uk/visit/northern-ireland/murlough-nature-reserve,false
dog-friendly-uk,Cliffs of Moher Coastal Walk,trail,Ireland,Liscannor,V95,"One of Ireland's most dramatic walks, along the clifftops between Doolin and the visitor centre. Keep dogs on leads and a firm grip on the wind — the views over the Atlantic are phenomenal.",https://www.cliffsofmoher.ie/,false
dog-friendly-uk,Bray to Greystones Cliff Walk,trail,Ireland,Bray,A98,"A spectacular cliff path along the coast between two seaside towns, with the Irish Sea on one side and green hills on the other. Allow two to three hours and reward yourselves with tea at the end.",,false
dog-friendly-uk,Holkham Beach,beach,Norfolk,Holkham,NR23 1RG,"Four miles of wild, sandy beach backed by pine forest and dunes — one of England's most famous dog beaches. Dogs are welcome all year and there is room for a whole day of running.",https://www.holkham.co.uk/,false
dog-friendly-uk,Brancaster Beach,beach,Norfolk,Brancaster,,"A wide stretch of firm sand and mudflats on the North Norfolk coast, popular with dog walkers and seal spotters. The beach huts and the famous Crab Hut make it a proper day out.",https://www.nationaltrust.org.uk/visit/norfolk/brancaster-estate,false
dog-friendly-uk,Wells-next-the-Sea Beach,beach,Norfolk,Wells-next-the-Sea,,"A vast beach hidden behind the pine woods, with rows of colourful beach huts and the sea a long walk away at low tide. Dogs can run for miles along the firmer sand.",,false
dog-friendly-uk,Norfolk Coast Path: Holkham to Wells,trail,Norfolk,Holkham,,"A flat, breezy stretch of the Norfolk Coast Path along the top of the dunes between Holkham Gap and Wells. The views over the marshland and out to sea are worth every step.",,false
dog-friendly-uk,The Anchor,pub,Norfolk,Morston,NR25 7AA,"A proper coastal pub in a tiny quayside village, famous for its fresh seafood and the seals on the nearby sandbanks. Dogs get a warm welcome by the fire after a walk along the coast.",,false
dog-friendly-uk,Felbrigg Estate,dog_park,Norfolk,Felbrigg,NR11 8PR,"A National Trust estate with a grand 17th-century house, walled garden and miles of woods and parkland. Dogs are welcome on the estate trails, with plenty of autumn colour to explore.",https://www.nationaltrust.org.uk/visit/norfolk/felbrigg,false
dog-friendly-uk,Southwold Beach,beach,Suffolk,Southwold,,"A classic seaside beach with colourful beach huts and the pier and lighthouse behind. The main beach has seasonal dog restrictions, but the areas at either end stay open for four-legged friends.",,false
dog-friendly-uk,Dunwich Heath,trail,Suffolk,Dunwich,IP17 3DJ,"A beautiful stretch of heathland and cliff-top paths on the Suffolk coast, run by the National Trust. The dunes, birdlife and the atmospheric ruined priory nearby make it a wonderful walk.",https://www.nationaltrust.org.uk/visit/suffolk/dunwich-heath,false
dog-friendly-uk,The Crown,pub,Suffolk,Southwold,IP18 6AT,"A boutique coastal inn in the heart of Southwold with a dog-friendly bar and rooms. Adnams beer, open fires and a short walk to the beach and pier.",,false
dog-friendly-uk,Knettishall Heath,trail,Suffolk,Knettishall,,"A wild heathland on the Norfolk-Suffolk border where the Little Ouse river begins. It is a haven for wildlife, and the circular walks through heather and woodland are lovely and quiet.",,false
dog-friendly-uk,Camber Sands,beach,East Sussex,Camber,,"Five miles of sand dunes and open beach — the only sandy beach in East Sussex. Dogs are banned from the main area in summer but welcome on the rest of the beach all year.",,false
dog-friendly-uk,Seven Sisters Country Park,trail,East Sussex,Seaford,BN25 4AD,"The famous chalk cliffs of the Seven Sisters rising above the River Cuckmere. The clifftop walk and the meandering river trail are superb, with dogs welcome on leads.",https://www.sevensisters.org.uk/,false
dog-friendly-uk,Cuckmere Haven,beach,East Sussex,Seaford,,"A wild shingle beach at the mouth of the Cuckmere river, right below the Seven Sisters cliffs. It is one of the most photographed spots on the south coast and brilliant for a bracing walk.",,false
dog-friendly-uk,The George Inn,pub,East Sussex,Alfriston,BN26 5TL,"A 600-year-old coaching inn at the top of the pretty village of Alfriston, with a dog-friendly bar and garden. The South Downs Way passes right through the village.",,false
dog-friendly-uk,Ashdown Forest,dog_park,East Sussex,Wych Cross,,"The real Hundred Acre Wood — 6,500 acres of heathland and woodland where dogs can run off-lead for hours. The views from the high points across the Weald are glorious.",,false
dog-friendly-uk,Botany Bay,beach,Kent,Broadstairs,CT10 3LG,"A sandy cove with towering chalk stacks and sea caves — the most dramatic beach on the Isle of Thanet. Dogs are welcome, and there is a clifftop walk and a pub at the top.",,false
dog-friendly-uk,Kingsgate Bay,beach,Kent,Broadstairs,,"A quieter neighbour of Botany Bay with a broad sandy beach below the clifftop Captain Digby pub. Dogs can explore the caves and rock pools at low tide.",,false
dog-friendly-uk,White Cliffs of Dover,trail,Kent,Dover,,"The iconic white cliffs rising 100 metres above the Channel. The clifftop path from the visitor centre to South Foreland Lighthouse is open, windswept and unforgettable.",https://www.nationaltrust.org.uk/visit/kent/white-cliffs-of-dover,false
dog-friendly-uk,Bedgebury National Pinetum,dog_park,Kent,Goudhurst,TN17 2SJ,"A Forestry England pinetum with one of the finest collections of conifers in the world. The lakeside walks and open glades are great for dogs on leads, and the Go Ape course keeps the kids busy.",https://www.forestryengland.uk/bedgebury,false
dog-friendly-uk,Westonbirt Arboretum,dog_park,Gloucestershire,Tetbury,GL8 8QS,"A world-famous arboretum with 15,000 trees from across the globe and spectacular autumn colour. Dogs are welcome on leads, and there are miles of quiet, level paths.",https://www.forestryengland.uk/westonbirt,false
dog-friendly-uk,Crickley Hill,trail,Gloucestershire,Cheltenham,,"A National Trust hillfort on the edge of the Cotswold escarpment with huge views over the Severn Valley. The short cliff-top circular walk is a firm favourite with local dog walkers.",https://www.nationaltrust.org.uk/visit/gloucestershire/crickley-hill,false
dog-friendly-uk,Cotswold Way: Dovers Hill to Broadway Tower,trail,Gloucestershire,Chipping Campden,,"A classic leg of the Cotswold Way from Dovers Hill down to the folly of Broadway Tower. The views over the Vale of Evesham are immense and the path is well-trodden.",,false
dog-friendly-uk,The Bell at Sapperton,pub,Gloucestershire,Sapperton,,"A much-loved country pub tucked in a quiet Cotswold valley, run by the same family for generations. Dogs are welcome, and the garden and the lanes around are perfect for a stroll.",,false
dog-friendly-uk,Ainsdale Beach,beach,Lancashire,Ainsdale,,"A wide, wild beach on the Sefton coast backed by the pine woods and dunes of Ainsdale National Nature Reserve. Dogs are welcome all year and there is space to run for miles.",,false
dog-friendly-uk,The Inn at Whitewell,pub,Lancashire,Whitewell,BB7 3AT,"A historic riverside inn in the Forest of Bowland with roaring fires, an outstanding wine cellar and a proper welcome for dogs. The River Hodder runs past the door.",https://www.innatwhitewell.com/,false
dog-friendly-uk,Beacon Fell Country Park,dog_park,Lancashire,Preston,,"A small but lovely country park on a hill above the Ribble Valley with panoramic views from the top. The woodland trails are great for dogs and there is a visitor centre with a cafe.",,false
dog-friendly-uk,Lancaster Canal Towpath,trail,Lancashire,Lancaster,,"A flat, peaceful towpath walk along the Lancaster Canal between the city and the countryside. Swans, herons and the occasional narrowboat make it an easy, relaxing outing.",,false
dog-friendly-uk,Inch Beach,beach,Ireland,Dingle Peninsula,V92,"Three miles of golden sand on the Dingle Peninsula, one of Ireland's most spectacular beaches. Surfers, horse riders and dogs all share the space, with the mountain backdrop all around.",,false
dog-friendly-uk,Rossbeigh Beach,beach,Ireland,Glenbeigh,V93,"A huge, ever-changing spit of sand at the head of Dingle Bay with views of the mountains across the water. Dogs can run for miles along the firm sand at low tide.",,false
dog-friendly-uk,Muckross Lake Walk,trail,Ireland,Killarney,V93,"A gentle lakeshore trail in Killarney National Park beneath the MacGillycuddy's Reeks. Red deer and rare woodland birds are the reward, and dogs should stay on leads near the deer.",,false
dog-friendly-uk,Fanore Beach,beach,Ireland,Burren,V95,"A wild, unspoilt beach at the edge of the Burren where the rocky limestone meets the Atlantic. It is one of the best dog beaches in the west of Ireland, quiet even in summer.",,false
dog-friendly-uk,Lahinch Beach,beach,Ireland,Lahinch,V95,"A lively surfing beach in a classic Irish seaside town, with the Burren hills behind. Dogs are welcome outside the main summer season and there are plenty of cafes for afterwards.",,false
dog-friendly-uk,Mullaghmore Burren Walk,trail,Ireland,Burren,,"A loop around Mullaghmore, the landmark limestone hill in the heart of the Burren. The walk crosses flower-filled pavement and turloughs, with views of Galway Bay.",,false
dog-friendly-uk,Portrush East Strand,beach,Northern Ireland,Portrush,,"Two miles of golden sand east of Portrush with dunes and a golf links behind. Dogs are welcome here all year, making it the pick of the Portrush beaches.",,false
dog-friendly-uk,Castlewellan Forest Park,dog_park,Northern Ireland,Castlewellan,BT31 9BU,"A forest park around a large lake with a famous walled garden and the world's biggest hedge. The woodland and lakeshore paths are great for dogs, and there is bike and boat hire on site.",,false
dog-friendly-uk,Torr Head Coastal Walk,trail,Northern Ireland,Cushendun,,"A wild clifftop path on the north Antrim coast with views across to Scotland's Mull of Kintyre. It is remote, rugged and wonderful — take supplies and keep dogs close to the cliff edge.",,false
dog-friendly-uk,Dollymount Strand (Bull Island),beach,Ireland,Clontarf,D03,"A long stretch of beach on the man-made Bull Island nature reserve in Dublin Bay. Dogs are welcome, and the views of the city skyline and Howth Head are superb.",,false
dog-friendly-uk,Malahide Castle Demesne,dog_park,Ireland,Malahide,K36,"A grand castle estate on Dublin's coast with 260 acres of parkland, woodland and a fairy trail. The walled garden and lakeside paths are lovely, and dogs are welcome throughout.",,false
dog-friendly-uk,Corstorphine Hill,trail,Scotland,Edinburgh,EH12,"A wooded hill on the edge of Edinburgh with the Clermiston Tower at its summit. The easy trails through the trees give views over the Forth and out to the hills.",,false
dog-friendly-uk,Hermitage of Braid,trail,Scotland,Edinburgh,EH10,"A peaceful valley walk along the Braid Burn with woodland and waterfalls in the middle of the city. The river and the narrow gorge make it a favourite with local dog owners.",,false
dog-friendly-uk,Ogmore-by-Sea,beach,Wales,Bridgend,CF32 0QP,"A long stretch of sand at the mouth of the River Ogmore, with the ruined Ogmore Castle just upstream. Dogs are welcome and there is a great walk along the clifftop path.",,false
dog-friendly-uk,Cosmeston Lakes,dog_park,Wales,Penarth,CF64 5UY,"A country park around two lakes in the Vale of Glamorgan, with a reconstructed medieval village nearby. The flat, circular paths are perfect for an easy walk with the dog.",,false
dog-friendly-uk,Saltwick Bay,beach,North Yorkshire,Whitby,,"A quieter, dog-friendly bay just south of Whitby, famous for its fossil-rich cliffs and shipwreck tales. The climb down from the clifftop path is worth it for the space at low tide.",,false
dog-friendly-uk,Scar House Reservoir,trail,North Yorkshire,Nidderdale,,"A dramatic walk around one of the great Nidderdale reservoirs, with the moors rising all around. It is remote and quiet, with big skies and the dam wall at one end.",,false
dog-friendly-uk,The Birch Hall Inn,pub,North Yorkshire,Beck Hole,,"A tiny two-room pub by a stream in the village of Beck Hole, near the steam railway at Goathland. It is famously dog-friendly and the pies are legendary.",,false
dog-friendly-uk,Rydal Water Circular,trail,Cumbria,Rydal,LA22 9LR,"A gentle circuit around one of the smallest and loveliest lakes, past Rydal Caves and the former home of William Wordsworth. Flat, easy and full of spots for a paddle.",,false
dog-friendly-uk,The Watering Hole,pub,Cornwall,Perranporth,TR6 0JL,"Cornwall's only pub sitting directly on the sand, right on Perranporth beach. Dogs are welcome, and you can watch the surf while you eat your lunch with your feet in the sand.",,false
dog-friendly-uk,Croyde Beach,beach,Devon,Croyde,EX33 1NU,"A famous surfing beach at the foot of a pretty village, with golden sand and dramatic surf. Dogs are welcome before and after the summer season on the main beach, and the dunes offer space all year.",,false
dog-friendly-uk,Heddon Valley,trail,Devon,Lynton,,"A deep wooded valley on the Exmoor coast, run by the National Trust, with a river walk to the sea at Heddon's Mouth. The scenery is dramatic and the waterfall is a proper reward.",https://www.nationaltrust.org.uk/visit/devon/heddon-valley,false
dog-friendly-uk,Derwent Edge,trail,Derbyshire,Bamford,,"A wild gritstone ridge high above Ladybower Reservoir with a line of bizarre rock formations. The clifftop walk from Fairholmes is open and exhilarating with huge views.",,false
dog-friendly-uk,Camusdarach Beach,beach,Scotland,Morar,,"The silver-sand beach made famous by the film Local Hero, near Morar in the west Highlands. The turquoise water and white sand make it one of Scotland's most beautiful beaches, and dogs love it.",,false
dog-friendly-uk,Beddgelert Forest,dog_park,Wales,Beddgelert,,"A forest park in the heart of Snowdonia where the rivers Glaslyn and Colwyn meet. The riverside trails are gentle and there is a cafe by the entrance.",,false
dog-friendly-uk,Walberswick Beach,beach,Suffolk,Walberswick,IP18 6UA,"A quiet, characterful beach with a boardwalk through the reeds and views across to Southwold pier. Dogs are welcome and the village's fish and chips are the best on the coast.",,false
dog-friendly-uk,Sandringham Country Park,dog_park,Norfolk,Sandringham,PE35 6EH,"The Royal Family's country estate, with beautiful parkland full of mature oaks and a huge lake. The waymarked trails are superb and dogs are welcome throughout the country park.",https://www.sandringhamestate.co.uk/,false



















